model,series,horizon_h,mae,rmse
chronos,outdoor_dry_bulb_temperature,6,0.9753985078313446,1.3598913664967915
chronos,outdoor_dry_bulb_temperature,12,1.093881047994241,1.5260090786439537
chronos,outdoor_dry_bulb_temperature,24,1.1895533407590668,1.6685276956917685
chronos,outdoor_relative_humidity,6,7.395139409842339,11.014263087435985
chronos,outdoor_relative_humidity,12,8.43894066909264,12.55333463284355
chronos,outdoor_relative_humidity,24,9.657355743218522,14.199586675600239
chronos,diffuse_solar_irradiance,6,40.648415216489305,82.0215645180259
chronos,diffuse_solar_irradiance,12,41.3730637451698,84.21889376163912
chronos,diffuse_solar_irradiance,24,40.69636748728392,84.08528742996836
chronos,direct_solar_irradiance,6,89.65635922758601,174.8032306139036
chronos,direct_solar_irradiance,12,97.13985101721752,182.64243668004346
chronos,direct_solar_irradiance,24,96.55837228285014,183.8399080370319
chronos,electricity_pricing,6,0.0025319541294821766,0.01052420359654021
chronos,electricity_pricing,12,0.0031459161504246735,0.010508892736363283
chronos,electricity_pricing,24,0.003039089636071064,0.011023595616554216
chronos,Building_1:non_shiftable_load,6,0.5451219247160849,0.8764884391492305
chronos,Building_1:non_shiftable_load,12,0.5504395315797493,0.8762024051322578
chronos,Building_1:non_shiftable_load,24,0.5443209731940448,0.868890416353216
chronos,Building_1:solar_generation,6,43.7801926494734,98.70208235830523
chronos,Building_1:solar_generation,12,47.67461758181896,107.56085193186412
chronos,Building_1:solar_generation,24,47.63387370074558,108.65262468677065
chronos,Building_2:non_shiftable_load,6,0.47033965725494903,0.7517235745019936
chronos,Building_2:non_shiftable_load,12,0.470724290816456,0.7491017092107174
chronos,Building_2:non_shiftable_load,24,0.47190107240449125,0.7539656577322738
chronos,Building_2:solar_generation,6,29.347246422561295,67.95294763201449
chronos,Building_2:solar_generation,12,31.239551295759725,73.14773939998892
chronos,Building_2:solar_generation,24,30.78648137519306,73.76833977290926
chronos,Building_3:non_shiftable_load,6,0.3709378093323517,0.6120174955610078
chronos,Building_3:non_shiftable_load,12,0.387372136910224,0.6349293324482816
chronos,Building_3:non_shiftable_load,24,0.40207297934474556,0.6581308258696372
chronos,Building_3:solar_generation,6,31.2339929552874,72.81060322606433
chronos,Building_3:solar_generation,12,33.201692073825214,78.34131925469326
chronos,Building_3:solar_generation,24,32.62370864093706,78.92791239727644
chronos,Building_4:non_shiftable_load,6,0.4367945083716413,0.640138494546624
chronos,Building_4:non_shiftable_load,12,0.44508113847869024,0.6479672271308964
chronos,Building_4:non_shiftable_load,24,0.45213331801701745,0.6584060644415874
chronos,Building_4:solar_generation,6,26.372243580365208,61.291388506967046
chronos,Building_4:solar_generation,12,28.04505367941304,65.96758988948427
chronos,Building_4:solar_generation,24,27.540337811122765,66.4427635276153
chronos,Building_5:non_shiftable_load,6,0.3543355218128959,0.5129604618061141
chronos,Building_5:non_shiftable_load,12,0.3673679150713541,0.5271896395302916
chronos,Building_5:non_shiftable_load,24,0.3731974315796368,0.539436336711591
chronos,Building_5:solar_generation,6,36.07131271105598,83.39929550843141
chronos,Building_5:solar_generation,12,38.57474435385018,89.40141703774421
chronos,Building_5:solar_generation,24,38.25457349008973,89.42945098699849
seasonal_naive,outdoor_dry_bulb_temperature,6,1.2456122214564669,1.7890415459437479
seasonal_naive,outdoor_dry_bulb_temperature,12,1.2448275862068965,1.7882322871046923
seasonal_naive,outdoor_dry_bulb_temperature,24,1.2444060773480663,1.7879584950748988
seasonal_naive,outdoor_relative_humidity,6,10.366069377440846,15.668872131423297
seasonal_naive,outdoor_relative_humidity,12,10.364137931034483,15.669804039000923
seasonal_naive,outdoor_relative_humidity,24,10.364986187845304,15.674319033498847
seasonal_naive,diffuse_solar_irradiance,6,43.207787732598206,101.72692135728227
seasonal_naive,diffuse_solar_irradiance,12,43.100344827586206,101.5734154965372
seasonal_naive,diffuse_solar_irradiance,24,43.04488950276243,101.46081263680482
seasonal_naive,direct_solar_irradiance,6,103.46278428669883,210.49053475011397
seasonal_naive,direct_solar_irradiance,12,103.18781609195402,210.08207974476323
seasonal_naive,direct_solar_irradiance,24,103.06319060773481,209.91379857334704
seasonal_naive,electricity_pricing,6,0.002823340225132093,0.019621387600444403
seasonal_naive,electricity_pricing,12,0.0028252873563218398,0.019628152430019797
seasonal_naive,electricity_pricing,24,0.0028291896869244936,0.01964170310642156
seasonal_naive,Building_1:non_shiftable_load,6,0.6830527874946015,1.082798854149024
seasonal_naive,Building_1:non_shiftable_load,12,0.6829920652848276,1.0828599705663757
seasonal_naive,Building_1:non_shiftable_load,24,0.6825698838959484,1.082293997866349
seasonal_naive,Building_1:solar_generation,6,48.72288806172525,126.23983209800096
seasonal_naive,Building_1:solar_generation,12,48.74802693464137,126.28282300158295
seasonal_naive,Building_1:solar_generation,24,48.807689361726524,126.36962579046053
seasonal_naive,Building_2:non_shiftable_load,6,0.579094897815627,0.9121530825357868
seasonal_naive,Building_2:non_shiftable_load,12,0.5787767161548896,0.9118727767248727
seasonal_naive,Building_2:non_shiftable_load,24,0.5786694575926206,0.9118544754728148
seasonal_naive,Building_2:solar_generation,6,30.965018322935904,85.0415058380894
seasonal_naive,Building_2:solar_generation,12,30.98065511672184,85.07033046829332
seasonal_naive,Building_2:solar_generation,24,31.01310278377993,85.1281429643817
seasonal_naive,Building_3:non_shiftable_load,6,0.4778249726384103,0.7711936831334966
seasonal_naive,Building_3:non_shiftable_load,12,0.47796565080177605,0.7713883326554901
seasonal_naive,Building_3:non_shiftable_load,24,0.477575323773778,0.7704421518811975
seasonal_naive,Building_3:solar_generation,6,32.80093857687342,90.95866805759363
seasonal_naive,Building_3:solar_generation,12,32.817194495708044,90.98942077530623
seasonal_naive,Building_3:solar_generation,24,32.85211023212017,91.0514162236717
seasonal_naive,Building_4:non_shiftable_load,6,0.5362752153274313,0.7923711944142807
seasonal_naive,Building_4:non_shiftable_load,12,0.5363811944368525,0.7925235146808381
seasonal_naive,Building_4:non_shiftable_load,24,0.5363857706147119,0.7925395130359498
seasonal_naive,Building_4:solar_generation,6,27.64202463601884,76.57559436116208
seasonal_naive,Building_4:solar_generation,12,27.655910321135632,76.6015180031889
seasonal_naive,Building_4:solar_generation,24,27.685752357663446,76.65376559559549
seasonal_naive,Building_5:non_shiftable_load,6,0.41214081704207695,0.6219288785554872
seasonal_naive,Building_5:non_shiftable_load,12,0.41210761337681856,0.6219669309695522
seasonal_naive,Building_5:non_shiftable_load,24,0.4116694371291807,0.6215207812204759
seasonal_naive,Building_5:solar_generation,6,38.46373201197565,104.2677911093668
seasonal_naive,Building_5:solar_generation,12,38.48102836543219,104.30305820961104
seasonal_naive,Building_5:solar_generation,24,38.52989071719153,104.37489830146403
persistence,outdoor_dry_bulb_temperature,6,2.718148403399954,3.5167917892389164
persistence,outdoor_dry_bulb_temperature,12,3.548919540229885,4.245964412604449
persistence,outdoor_dry_bulb_temperature,24,1.2444060773480663,1.7879584950748988
persistence,outdoor_relative_humidity,6,12.500459453250631,16.333142284053103
persistence,outdoor_relative_humidity,12,15.794827586206896,19.688484877755556
persistence,outdoor_relative_humidity,24,10.364986187845304,15.674319033498847
persistence,diffuse_solar_irradiance,6,311.7392602802665,430.8572985526158
persistence,diffuse_solar_irradiance,12,412.98379310344825,506.9684690596543
persistence,diffuse_solar_irradiance,24,43.04488950276243,101.46081263680482
persistence,direct_solar_irradiance,6,290.01596600045946,420.14416385816355
persistence,direct_solar_irradiance,12,398.47080459770115,505.33580914081284
persistence,direct_solar_irradiance,24,103.06319060773481,209.91379857334704
persistence,electricity_pricing,6,0.11948081782678616,0.18659991094090017
persistence,electricity_pricing,12,0.11949885057471266,0.18660191816288754
persistence,electricity_pricing,24,0.0028291896869244936,0.01964170310642156
persistence,Building_1:non_shiftable_load,6,0.9390280175876408,1.348436631277806
persistence,Building_1:non_shiftable_load,12,0.9568744149066668,1.3697521836117357
persistence,Building_1:non_shiftable_load,24,0.6825698838959484,1.082293997866349
persistence,Building_1:solar_generation,6,309.4896994282104,431.6285247843004
persistence,Building_1:solar_generation,12,409.7161344547287,503.7204690391804
persistence,Building_1:solar_generation,24,48.807689361726524,126.36962579046053
persistence,Building_2:non_shiftable_load,6,0.8081279731857895,1.1525629517988591
persistence,Building_2:non_shiftable_load,12,0.8671602750215256,1.2183836142195923
persistence,Building_2:non_shiftable_load,24,0.5786694575926206,0.9118544754728148
persistence,Building_2:solar_generation,6,235.0396413557317,331.86492529400135
persistence,Building_2:solar_generation,12,307.65423045539313,386.94736519736233
persistence,Building_2:solar_generation,24,31.01310278377993,85.1281429643817
persistence,Building_3:non_shiftable_load,6,0.5585595580249532,0.8358582827617692
persistence,Building_3:non_shiftable_load,12,0.6517149507481622,0.9501796701070697
persistence,Building_3:non_shiftable_load,24,0.477575323773778,0.7704421518811975
persistence,Building_3:solar_generation,6,253.0172070276361,358.0598453328928
persistence,Building_3:solar_generation,12,330.16736535076325,416.6901307197531
persistence,Building_3:solar_generation,24,32.85211023212017,91.0514162236717
persistence,Building_4:non_shiftable_load,6,0.8224924029272112,1.151605386889804
persistence,Building_4:non_shiftable_load,12,0.899263867023023,1.2360066134940901
persistence,Building_4:non_shiftable_load,24,0.5363857706147119,0.7925395130359498
persistence,Building_4:solar_generation,6,212.42419297672868,300.30483033886105
persistence,Building_4:solar_generation,12,277.2254570515908,349.71706165764016
persistence,Building_4:solar_generation,24,27.685752357663446,76.65376559559549
persistence,Building_5:non_shiftable_load,6,0.7701153604856891,1.0422980843816012
persistence,Building_5:non_shiftable_load,12,0.9101904318526238,1.1979247452052548
persistence,Building_5:non_shiftable_load,24,0.4116694371291807,0.6215207812204759
persistence,Building_5:solar_generation,6,261.7256339086837,365.9150932994527
persistence,Building_5:solar_generation,12,344.0219940766391,426.2421036389929
persistence,Building_5:solar_generation,24,38.52989071719153,104.37489830146403
