env,condition,model,r,action,response,slope_pct,evalset
Acrobot-v1,reference,environment,1,0.0,-0.314785361289978,100.0,96of96w@64/50x200
Acrobot-v1,reference,environment,1,1.0,4.032151537103346e-06,100.0,96of96w@64/50x200
Acrobot-v1,reference,environment,1,2.0,0.3147813379764557,100.0,96of96w@64/50x200
Acrobot-v1,levels,Chronos-2 S,1,0.0,-0.026998192071914673,8.474942838219953,96of96w@64/50x200
Acrobot-v1,levels,Chronos-2 S,1,1.0,0.0006409806082956493,8.474942838219953,96of96w@64/50x200
Acrobot-v1,levels,Chronos-2 S,1,2.0,0.02635723352432251,8.474942838219953,96of96w@64/50x200
Acrobot-v1,levels,Chronos-2 L,1,0.0,-0.0228151623159647,7.406563639856541,96of96w@64/50x200
Acrobot-v1,levels,Chronos-2 L,1,1.0,-0.0009989504469558597,7.406563639856541,96of96w@64/50x200
Acrobot-v1,levels,Chronos-2 L,1,2.0,0.023814095184206963,7.406563639856541,96of96w@64/50x200
Acrobot-v1,levels,Chronos-2 L-syn,1,0.0,-0.02664700150489807,8.521664340193949,96of96w@64/50x200
Acrobot-v1,levels,Chronos-2 L-syn,1,1.0,-0.0003555856237653643,8.521664340193949,96of96w@64/50x200
Acrobot-v1,levels,Chronos-2 L-syn,1,2.0,0.027002565562725067,8.521664340193949,96of96w@64/50x200
Acrobot-v1,levels,Chronos-2 S (level),1,0.0,-0.026998192071914673,8.474942838219953,96of96w@64/50x200
Acrobot-v1,levels,Chronos-2 S (level),1,1.0,0.0006409806082956493,8.474942838219953,96of96w@64/50x200
Acrobot-v1,levels,Chronos-2 S (level),1,2.0,0.02635723352432251,8.474942838219953,96of96w@64/50x200
Acrobot-v1,levels,Moirai,1,0.0,-0.01325357798486948,8.966743974743288,96of96w@64/50x200
Acrobot-v1,levels,Moirai,1,1.0,-0.02994445152580738,8.966743974743288,96of96w@64/50x200
Acrobot-v1,levels,Moirai,1,2.0,0.04319804906845093,8.966743974743288,96of96w@64/50x200
Acrobot-v1,+ differencing,Chronos-2 S,1,0.0,-0.12764860689640045,40.366931090301165,96of96w@64/50x200
Acrobot-v1,+ differencing,Chronos-2 S,1,1.0,0.001160491374321282,40.366931090301165,96of96w@64/50x200
Acrobot-v1,+ differencing,Chronos-2 S,1,2.0,0.12648816406726837,40.366931090301165,96of96w@64/50x200
Acrobot-v1,+ differencing,Chronos-2 L,1,0.0,-0.08782961964607239,28.367437801133544,96of96w@64/50x200
Acrobot-v1,+ differencing,Chronos-2 L,1,1.0,-0.002932744799181819,28.367437801133544,96of96w@64/50x200
Acrobot-v1,+ differencing,Chronos-2 L,1,2.0,0.09076229482889175,28.367437801133544,96of96w@64/50x200
Acrobot-v1,+ differencing,Chronos-2 L-syn,1,0.0,-0.12189048528671265,39.22246010982641,96of96w@64/50x200
Acrobot-v1,+ differencing,Chronos-2 L-syn,1,1.0,-0.0031505348160862923,39.22246010982641,96of96w@64/50x200
Acrobot-v1,+ differencing,Chronos-2 L-syn,1,2.0,0.12504102289676666,39.22246010982641,96of96w@64/50x200
Acrobot-v1,+ differencing,Chronos-2 S (level),1,0.0,-0.026998192071914673,8.474942838219953,96of96w@64/50x200
Acrobot-v1,+ differencing,Chronos-2 S (level),1,1.0,0.0006409806082956493,8.474942838219953,96of96w@64/50x200
Acrobot-v1,+ differencing,Chronos-2 S (level),1,2.0,0.02635723352432251,8.474942838219953,96of96w@64/50x200
Acrobot-v1,+ differencing,Moirai,1,0.0,0.008215044625103474,-0.7764553689269357,96of96w@64/50x200
Acrobot-v1,+ differencing,Moirai,1,1.0,-0.011541803367435932,-0.7764553689269357,96of96w@64/50x200
Acrobot-v1,+ differencing,Moirai,1,2.0,0.0033267412800341845,-0.7764553689269357,96of96w@64/50x200
Acrobot-v1,+ stretching,Chronos-2 S,2,0.0,-0.030054619535803795,8.999364641499756,96of96w@64/50x200
Acrobot-v1,+ stretching,Chronos-2 S,2,1.0,0.0034522737842053175,8.999364641499756,96of96w@64/50x200
Acrobot-v1,+ stretching,Chronos-2 S,2,2.0,0.026602372527122498,8.999364641499756,96of96w@64/50x200
Acrobot-v1,+ stretching,Chronos-2 L,2,0.0,-0.03106183372437954,9.972334639134928,96of96w@64/50x200
Acrobot-v1,+ stretching,Chronos-2 L,2,1.0,-0.0006588409305550158,9.972334639134928,96of96w@64/50x200
Acrobot-v1,+ stretching,Chronos-2 L,2,2.0,0.03172066807746887,9.972334639134928,96of96w@64/50x200
Acrobot-v1,+ stretching,Chronos-2 L-syn,2,0.0,-0.05304594710469246,16.99127583466081,96of96w@64/50x200
Acrobot-v1,+ stretching,Chronos-2 L-syn,2,1.0,-0.0008794740424491465,16.99127583466081,96of96w@64/50x200
Acrobot-v1,+ stretching,Chronos-2 L-syn,2,2.0,0.053925443440675735,16.99127583466081,96of96w@64/50x200
Acrobot-v1,+ stretching,Chronos-2 S (level),2,0.0,-0.026998192071914673,8.474942838219953,96of96w@64/50x200
Acrobot-v1,+ stretching,Chronos-2 S (level),2,1.0,0.0006409806082956493,8.474942838219953,96of96w@64/50x200
Acrobot-v1,+ stretching,Chronos-2 S (level),2,2.0,0.02635723352432251,8.474942838219953,96of96w@64/50x200
Acrobot-v1,+ stretching,Moirai,2,0.0,-0.0025278988759964705,-1.0133652877264199,96of96w@64/50x200
Acrobot-v1,+ stretching,Moirai,2,1.0,0.0114356130361557,-1.0133652877264199,96of96w@64/50x200
Acrobot-v1,+ stretching,Moirai,2,2.0,-0.008907710202038288,-1.0133652877264199,96of96w@64/50x200
Acrobot-v1,both,Chronos-2 S,2,0.0,-0.20514024794101715,64.19207394980836,96of96w@64/50x200
Acrobot-v1,both,Chronos-2 S,2,1.0,0.00614858977496624,64.19207394980836,96of96w@64/50x200
Acrobot-v1,both,Chronos-2 S,2,2.0,0.19899165630340576,64.19207394980836,96of96w@64/50x200
Acrobot-v1,both,Chronos-2 L,2,0.0,-0.20777107775211334,66.04067638085701,96of96w@64/50x200
Acrobot-v1,both,Chronos-2 L,2,1.0,-0.0002278774045407772,66.04067638085701,96of96w@64/50x200
Acrobot-v1,both,Chronos-2 L,2,2.0,0.20799897611141205,66.04067638085701,96of96w@64/50x200
Acrobot-v1,both,Chronos-2 L-syn,2,0.0,-0.22186851501464844,71.01057130357643,96of96w@64/50x200
Acrobot-v1,both,Chronos-2 L-syn,2,1.0,-0.003321874188259244,71.01057130357643,96of96w@64/50x200
Acrobot-v1,both,Chronos-2 L-syn,2,2.0,0.22519032657146454,71.01057130357643,96of96w@64/50x200
Acrobot-v1,both,Chronos-2 S (level),2,0.0,-0.026998192071914673,8.474942838219953,96of96w@64/50x200
Acrobot-v1,both,Chronos-2 S (level),2,1.0,0.0006409806082956493,8.474942838219953,96of96w@64/50x200
Acrobot-v1,both,Chronos-2 S (level),2,2.0,0.02635723352432251,8.474942838219953,96of96w@64/50x200
Acrobot-v1,both,Moirai,2,0.0,-0.0018681060755625367,2.485971604366495,96of96w@64/50x200
Acrobot-v1,both,Moirai,2,1.0,-0.011914634145796299,2.485971604366495,96of96w@64/50x200
Acrobot-v1,both,Moirai,2,2.0,0.013782740570604801,2.485971604366495,96of96w@64/50x200
